,Generacja ca³kowita,OZE,Generacja ca³kowita,OZE
wêgiel kamienny,10.70500465,,4.925520655,
wêgiel brunatny,5.543529656,,2.57861454,
ropa,0.505921865,,0.23779804,
gaz,3.65302659,,1.704518753,
OZE,8.85683038,,4.154733975,
biomasa,,1.385108072,,0.586599775
el. wodne,,0.59824,,0.306401
fotowoltaika,,0.782439496,,0.476276808
el. wiatrowe,,6.091042812,,2.785456392
