,Generacja ca³kowita,OZE
wêgiel kamienny,4.849519763,
wêgiel brunatny,2.791593703,
ropa,0.20519283,
gaz,1.455485454,
OZE,4.114064042,
biomasa,,0.320265015
el. wodne,,0.241326791
fotowoltaika,,1.410899073
el. wiatrowe,,2.141573163
