,Generacja ca³kowita,OZE
wêgiel kamienny,10.70500465,
wêgiel brunatny,5.543529656,
ropa,0.505921865,
gaz,3.65302659,
OZE,8.85683038,
biomasa,,1.385108072
el. wodne,,0.59824
fotowoltaika,,6.091042812
el. wiatrowe,,0.782439496
