,Generacja ca³kowita,OZE
wêgiel kamienny,3.403766206,
wêgiel brunatny,2.783611252,
ropa,0.065942898,
gaz,1.893165405,
OZE,4.748927176,
biomasa,,0.967807212
el. wodne,,0.122998586
fotowoltaika,,1.46115136
el. wiatrowe,,2.196970018
