,Generacja ca³kowita,OZE
wêgiel kamienny,3.582838826,
wêgiel brunatny,3.058163124,
ropa,0.067665853,
gaz,1.907005278,
OZE,4.457497455,
biomasa,,0.97668305
el. wodne,,0.138317985
fotowoltaika,,2.11610138
el. wiatrowe,,1.22639504
