,Generacja ca³kowita,OZE
wêgiel kamienny,4.203474931,
wêgiel brunatny,2.838786019,
ropa,0.098857129,
gaz,1.836591767,
OZE,4.479096271,
biomasa,,1.106474038
el. wodne,,0.124885294
fotowoltaika,,1.100298973
el. wiatrowe,,2.147437968
