,Generacja ca³kowita,OZE
wêgiel kamienny,4.379781618,
wêgiel brunatny,2.856513422,
ropa,0.174808939,
gaz,0.922636434,
OZE,4.677212789,
biomasa,,0.625151115
el. wodne,,0.1717885
fotowoltaika,,2.311391033
el. wiatrowe,,1.568882141
