,Generacja ca³kowita,OZE
wêgiel kamienny,2.859918528,
wêgiel brunatny,2.402668263,
ropa,0.064678705,
gaz,1.438113863,
OZE,3.301714739,
biomasa,,0.506312313
el. wodne,,0.110908413
fotowoltaika,,1.867168086
el. wiatrowe,,0.817325928
