,Generacja ca³kowita,OZE
wêgiel kamienny,5.375177261,
wêgiel brunatny,3.040644857,
ropa,0.232798991,
gaz,1.868643836,
OZE,3.877420551,
biomasa,,0.507656103
el. wodne,,0.285496201
fotowoltaika,,0.995259612
el. wiatrowe,,2.089008635
